Video ID,Title,Comment
EiG8lQVqKX0,SLAUGHTER 3: THE REBELS - Android / iOS Gameplay,Nice game i guess
EiG8lQVqKX0,SLAUGHTER 3: THE REBELS - Android / iOS Gameplay,Intro mÃºsic?
EiG8lQVqKX0,SLAUGHTER 3: THE REBELS - Android / iOS Gameplay,WowðŸ˜³
EiG8lQVqKX0,SLAUGHTER 3: THE REBELS - Android / iOS Gameplay,"Dang its 2019 and the mobile games are still trash

Except for Pc ported games"
EiG8lQVqKX0,SLAUGHTER 3: THE REBELS - Android / iOS Gameplay,offline/online
EiG8lQVqKX0,SLAUGHTER 3: THE REBELS - Android / iOS Gameplay,Y do you have to pay for itðŸ˜­ðŸ˜­ðŸ˜¢
EiG8lQVqKX0,SLAUGHTER 3: THE REBELS - Android / iOS Gameplay,also first
EiG8lQVqKX0,SLAUGHTER 3: THE REBELS - Android / iOS Gameplay,no views 5 likes? youtube must be drunk again
EiG8lQVqKX0,SLAUGHTER 3: THE REBELS - Android / iOS Gameplay,What is this game name
EiG8lQVqKX0,SLAUGHTER 3: THE REBELS - Android / iOS Gameplay,First
EiG8lQVqKX0,SLAUGHTER 3: THE REBELS - Android / iOS Gameplay,First to comment
